{"min": [-0.211609, -0.831732, -0.563327], "max": [0.195983, 0.730702, 0.619821]}